时间,茅山头O3,茅山头CO,茅山头NO2,NO,2m温度℃,紫外线辐射J/m²,气压pa,相对湿度%,边界层高度m,风速m/s,茅山头PM2.5,茅山头SO2,CH₂O,异戊二烯,乙烷,丙烷,正丁烷,异丁烷,乙烯,丙醛,丙烯,甲苯,间、对-二甲苯,丙酮
2023-04-20 00:00:00,116,1,18,0.023931555,21.44781494,0,99469.84375,89.28616333,209.2837067,2.191099882,59,10,4.055067317,0.084,3.784,2.971,1.581,1.835,1.499,1.949,0.551,0.381,0.316,3.922
2023-04-20 01:00:00,119,1,14,0.025495299,20.96051025,0,99465.96875,90.40428925,201.6210632,2.137856483,58,10,3.954880261,0.101,0,2.703,1.402,1.614,1.078,1.86,0.309,0.345,0.23,3.661
2023-04-20 02:00:00,133,1,10,0.027059043,21.13803101,0,99408,91.78300476,192.879425,2.14638257,51,9,3.854693205,0.183,0,2.451,1.456,1.563,0.696,1.855,0,0.348,0.162,4.046
2023-04-20 03:00:00,125,1,12,0.038338021,21.23477173,0,99398.17969,92.94068909,180.3710785,2.013153315,57,9,3.714370375,0.08,3.645,2.664,1.213,1.416,0.901,1.796,0,0.449,0.224,3.653
2023-04-20 04:00:00,129,1,12,0.049617,20.4871521,0,99409.60938,93.93543243,160.4050293,2.236944914,57,8,3.574047544,0.063,3.629,2.751,1.167,1.569,0.808,1.768,0,0.594,0.144,3.518
2023-04-20 05:00:00,124,1,7,0.060895978,20.45440674,0,99456.82813,94.72903442,149.6193695,2.253488064,67,9,3.433724714,0.045,3.726,2.55,1.12,1.541,1.124,1.792,0,0.87,0.156,3.589
2023-04-20 06:00:00,123,1.1,8,0.547270867,21.64657593,584,99431.75,94.90035248,163.4641876,2.162526131,66,9,3.438597711,0.081,3.683,2.926,1.323,1.83,0.822,1.739,0,0.678,0.197,3.612
2023-04-20 07:00:00,110,1.1,10,1.033645757,22.05953979,29856,99530.82031,94.33839417,194.4691315,2.152618647,69,11,3.443470708,0.103,3.601,2.855,1.418,1.833,1.341,1.802,0,0.9,0.218,3.685
2023-04-20 08:00:00,99,1.1,15,1.520020646,22.11270142,83912,99595.04688,88.75710297,265.788147,2.382025957,69,10,3.448343705,0.393,3.464,3.001,2.209,1.969,1.395,1.783,0.211,0.835,0.245,4.806
2023-04-20 09:00:00,99,1.1,16,1.425479468,21.97271729,173368,99628.35938,83.59809113,416.6589966,2.213581562,66,11,3.58367879,0.039,3.307,2.458,1.142,1.604,1.137,1.551,0.253,0.673,0.21,3.138
2023-04-20 10:00:00,116,1,14,1.330938289,25.88973999,231664,99657.60938,75.7411499,586.1209106,1.953942776,56,11,3.719013876,0.061,3.456,2.992,1.363,1.783,0.99,1.499,0.252,0.643,0.152,3.124
2023-04-20 11:00:00,138,0.9,12,1.236397111,25.80249023,307240,99616.71875,69.89234924,837.1308594,2.264004469,49,12,3.854348961,0.077,2.911,2.011,0.956,1.611,1.105,1.719,0,0.656,0.151,3.308
2023-04-20 12:00:00,153,0.8,8,1.252235241,25.98095703,342432,99562.3125,65.52658081,1016.913879,2.866054058,41,10,3.641323322,0.061,2.616,1.912,0.757,1.387,0.571,1.555,0,0.646,0.115,3.073
2023-04-20 13:00:00,157,0.7,6,1.268073371,28.13583374,323440,99456.125,62.72218323,1119.200439,3.364967346,40,10,3.428297684,0.073,2.695,1.477,0.503,1,0,1.583,0,0.427,0.071,2.782
2023-04-20 14:00:00,154,0.7,3,1.283911502,27.95346069,347008,99388.73438,60.66994095,1183.075439,3.689379215,31,8,3.215272045,0.221,0.36,0.976,0.593,0.865,0.336,1.433,0,0.385,0.084,2.732
2023-04-20 15:00:00,149,0.6,5,1.312917523,28.10220337,233752,99307.61719,59.56626511,1197.773438,3.763369322,26,9,3.203713883,0.176,0,1.608,0.693,0.962,0.448,1.394,0,0.412,0.112,2.856
2023-04-20 16:00:00,148,0.7,6,1.341923545,28.05856323,222648,99293.30469,59.19918823,1156.77002,3.63569212,22,9,3.192155721,0.157,0,1.092,0.435,0.874,0,1.361,0,0.363,0.727,2.445
2023-04-20 17:00:00,133,0.6,10,1.370929567,27.99761963,142088,99267.26563,63.51983643,970.0901489,2.773612261,22,9,3.18059756,0.194,2.318,1.149,0.803,1.115,0.52,1.389,0.352,0.296,0.691,2.775
2023-04-20 18:00:00,132,0.7,11,0.923858294,24.93603516,61776,99347.64063,70.24595642,439.4823914,1.891060352,23,8,3.280488954,0.137,3.197,1.891,1.213,1.432,0.85,2.031,0.589,0.366,0.261,3.938
2023-04-20 19:00:00,126,0.7,13,0.47678702,24.91796875,9064,99385.01563,73.41104126,276.5725098,2.608117342,29,9,3.380380349,0.098,3.447,1.508,1.064,1.32,1.219,1.474,0.29,0.328,0.199,2.772
2023-04-20 20:00:00,113,0.8,19,0.029715746,25.4772644,0,99460.82813,74.93226624,352.0793457,2.899197102,28,9,3.480271744,0.059,3.681,2.285,1.619,1.803,1.537,1.248,0.555,0.316,0.3,2.599
2023-04-20 21:00:00,101,0.8,30,0.022507295,25.58340454,0,99564.25,75.07207489,428.5466309,3.190935373,32,9,3.524153802,0.103,4.413,3.863,2.751,2.657,1.544,1.865,1.488,0.427,0.372,4.087
2023-04-20 22:00:00,104,0.7,26,0.015298843,24.37939453,0,99601.4375,75.60248566,433.9912109,3.3932693,31,10,3.56803586,0.042,3.025,1.772,1.076,1.123,0.875,1.803,0.362,0.289,0.372,3.378
2023-04-20 23:00:00,106,0.7,10,0.008090391,22.80050659,0,99697.85938,76.67193604,374.4730835,2.992611647,26,10,3.611917919,0.015,2.697,1.349,0.705,0.733,1.014,1.012,0.441,0.254,0.417,2.039
2023-04-21 00:00:00,108,0.7,9,0.008293255,22.63818359,0,99678.03125,79.2853241,293.2780151,2.632598877,21,12,3.548328929,0.034,2.66,1.607,0.991,1.051,0.906,1.249,0.325,0.279,0.39,2.258
2023-04-21 01:00:00,112,0.6,9,0.008496118,21.9949646,0,99668.51563,81.78100586,201.0783691,2.242835999,19,13,3.48473994,0.037,2.557,1.247,0.841,1.018,0.523,1.276,0.238,0.292,0.298,2.626
2023-04-21 02:00:00,111,0.7,7,0.008698982,22.17114258,0,99612.40625,85.01625061,151.1268005,2.290747404,22,13,3.42115095,0.042,2.283,1.383,0.78,0.959,0.624,1.137,0.24,0.325,0.219,2.331
2023-04-21 03:00:00,106,0.6,7,0.010199964,22.08761597,0,99652.21094,87.34381866,148.6217957,2.200943947,23,12,3.346397231,0.03,2.575,1.204,0.659,0.91,0.721,1.149,0.487,0.628,0.213,2.215
2023-04-21 04:00:00,100,0.6,9,0.011700946,21.24972534,0,99691.40625,88.63280487,186.2721558,2.441655159,24,12,3.271643512,0.013,2.324,1.319,0.735,0.926,0.722,1.149,0.218,0.939,0.189,2.45
2023-04-21 05:00:00,94,0.6,10,0.013201928,21.06674194,0,99767.96875,89.04402924,246.901825,2.742044687,27,12,3.196889793,0.032,2.547,1.713,1.009,1.308,0.57,1.269,0.443,0.768,0.182,2.519
2023-04-21 06:00:00,91,0.6,8,0.641816191,22.0262146,720,99866.04688,87.78657532,329.6558838,3.558388472,29,12,3.274189036,0.157,2.591,1.406,1.064,0.985,0.708,1.156,0.318,0.765,0.206,2.674
2023-04-21 07:00:00,85,0.7,9,1.270430455,21.84429932,32288,99925.03125,87.15818787,449.3933716,4.361227512,30,10,3.351488279,0.199,2.8,1.088,1.276,1.102,0.788,1.062,0.222,0.729,0.179,2.766
2023-04-21 08:00:00,83,0.6,10,1.899044719,21.69137573,95760,100053.1797,83.98123169,567.3717041,5.264514446,29,10,3.428787522,0.13,2.675,1.311,1.047,1.166,1.022,1.07,0.374,0.604,0.146,2.531
2023-04-21 09:00:00,91,0.6,9,1.795382104,21.60626221,183016,100053.3516,80.33338928,683.4900513,5.807448864,27,9,3.620848778,0.036,2.812,1.325,1.093,1.118,1.034,1.022,0.267,0.579,0.246,2.529
2023-04-21 10:00:00,102,0.6,11,1.69171949,24.35699463,261024,100120.5313,74.39848328,831.1262207,5.844827175,25,9,3.812910033,0.049,2.812,1.145,0.865,1.051,0.977,1.076,0.239,0.459,0.188,2.366
2023-04-21 11:00:00,118,0.5,9,1.588056875,24.42779541,332072,100079.3438,68.96463013,1005.34613,5.988608837,30,10,4.004971288,0.061,2.419,1.285,0.635,0.923,0.547,1.011,0.259,0.374,0,2.119
2023-04-21 12:00:00,130,0.5,7,1.555657415,24.79257202,370784,100086.2969,63.32440567,1230.618652,5.905393124,28,9,3.880305333,0.061,2.526,1.191,0.594,0.892,0.531,1.118,0.221,0.463,0.093,2.131
2023-04-21 13:00:00,134,0.5,8,1.523257955,25.13482666,351528,100012.7891,60.4016571,1312.301758,5.789859295,26,9,3.755639379,0.117,2.758,1.157,0.534,0.745,0.558,1.142,0.235,0.306,0.074,2.118
2023-04-21 14:00:00,139,0.5,5,1.490858494,25.31930542,303088,99930.85156,58.64113617,1358.828125,5.765120983,19,9,3.630973424,0.105,2.321,1.06,0.509,0.771,0.434,1.251,0.303,0.314,0.086,2.325
2023-04-21 15:00:00,141,0.6,6,1.451711796,25.24145508,249136,99879.1875,57.34442902,1324.056763,5.504633904,19,9,3.638705342,0.099,2.408,1.225,0.438,0.812,0.528,1.111,0.311,0.307,0.087,2.047
2023-04-21 16:00:00,133,0.6,8,1.412565098,23.88989258,194144,99808.89063,57.57019043,1217.0177,5.363536358,23,9,3.646437259,0.087,2.325,0.937,0.384,0.693,0.356,1.085,0.404,0.268,0.08,2.065
2023-04-21 17:00:00,132,0.6,8,1.373418399,23.6038208,123536,99827.21875,61.65680695,959.8428345,4.93513155,16,7,3.654169177,0.071,2.44,1.098,0.415,0.629,0.415,1.025,0.341,0.246,0.082,2.015
2023-04-21 18:00:00,124,0.6,9,0.923123886,21.47714233,55088,99824.99219,66.04395294,679.5136108,4.810663223,20,9,3.924564984,0.029,2.555,1.123,0.336,0.586,0.905,0.801,0.254,0.283,0,1.547
2023-04-21 19:00:00,104,0.6,9,0.472829373,21.25952148,9904,99911.96875,68.14565277,649.9268799,5.362240791,29,8,4.19496079,0.026,2.676,1.435,0.517,0.685,0.741,0.794,0.377,0.228,0.115,1.546
2023-04-21 20:00:00,94,0.6,11,0.022534859,21.16055298,0,99994.48438,69.37221527,646.0098877,5.89209795,41,9,4.465356596,0,2.689,1.679,0.546,0.673,0.578,0.831,0.334,0.196,0.106,1.689
2023-04-21 21:00:00,100,0.6,12,0.016812825,21.0425415,0,100089.5938,71.87199402,633.8416138,6.235580444,41,9,4.745562819,0.021,2.946,1.297,0.468,0.66,0.688,0.84,0.42,0.209,0.114,1.613
2023-04-21 22:00:00,105,0.6,11,0.011090791,20.10952759,0,100145.1406,73.22652435,617.8154907,6.30013895,30,9,5.025769042,0.028,2.924,1.045,0.554,0.723,0.663,0.847,0.231,0.224,0.114,1.721
2023-04-21 23:00:00,106,0.5,12,0.005368756,18.84552002,0,100157.6875,72.22785187,592.8239746,6.213563442,20,10,5.305975264,0,2.99,1.002,0.429,0.642,0.546,0.731,0.314,0.245,0.102,1.568
2023-04-22 00:00:00,101,0.5,10,0.005907507,18.99349976,0,100134.8672,69.24610138,592.8713379,6.091973305,12,11,5.495414068,0.028,2.725,0.869,0.4,0.434,0.584,0.641,0.341,0.281,0.104,1.254
2023-04-22 01:00:00,90,0.4,10,0.006446259,18.03872681,0,100164.0625,65.91001892,567.3308716,5.691864014,15,11,5.684852871,0,4.46,1.08,0.448,0.551,0.46,0.591,0.278,0.205,0.116,1.233
2023-04-22 02:00:00,85,0.4,10,0.00698501,17.80566406,0,100122.2891,62.94657898,538.3971558,5.610983849,12,12,5.874291674,0,2.553,1.033,0.379,0.568,0.623,0.558,0.245,0.196,0.117,1.109
2023-04-22 03:00:00,83,0.4,9,0.012403365,17.26553345,0,100094.5156,60.75611877,509.1974182,5.712005615,18,9,6.134255879,0,2.607,1.067,0.348,0.43,0.404,0.501,0.141,0.2,0.123,1.055
2023-04-22 04:00:00,80,0.4,10,0.01782172,15.27456665,0,100102.5156,60.0177002,482.5037537,5.586599827,14,9,6.394220084,0,2.735,1.114,0.345,0.427,0.547,0.532,0.259,0.201,0.121,1.039
2023-04-22 05:00:00,79,0.4,9,0.023240075,15.07696533,0,100152.25,60.00954819,476.7414551,5.710301399,19,10,6.65418429,0,2.789,0.924,0.502,0.62,0.528,0.546,0.193,0.218,0.138,1.139
2023-04-22 06:00:00,75,0.4,10,0.730994381,14.15322876,344,100218.0781,71.03284454,420.5476074,5.688855171,17,12,6.574440704,0,2.778,0.623,0.323,0.515,0.33,0.495,0.194,0.246,0.12,0.981
2023-04-22 07:00:00,73,0.4,9,1.438748687,14.11654663,16000,100250.5391,73.61326599,442.714386,5.908791065,16,10,6.494697118,0,2.571,0.769,0.338,0.577,0.592,0.49,0.256,0.3,0.111,1.014
2023-04-22 08:00:00,67,0.4,13,2.146502993,14.16159058,33296,100301.8281,77.05744934,462.7468567,5.707171917,12,10,6.414953532,0.025,2.924,1.021,0.553,0.711,0.625,0.523,0.343,0.278,0.148,1.042
2023-04-22 09:00:00,62,0.5,17,2.511162923,14.14047241,49848,100316.9531,78.86306,472.1838989,5.469563961,12,10,6.28727624,0.019,2.887,0.709,0.436,0.663,0.716,0.529,0.28,0.269,0.164,1.077
2023-04-22 10:00:00,62,0.5,17,2.875822853,14.28701782,64720,100376.8828,82.12617493,458.5672607,5.1937356,20,10,6.159598949,0,2.635,0.601,0.344,0.576,0.9,0.477,0.238,0.271,0.105,0.907
2023-04-22 11:00:00,62,0.5,17,3.240482783,14.19952393,124416,100390.9609,83.71473694,459.4952087,5.345839977,20,8,6.031921657,0.023,2.601,0.836,0.597,0.685,0.647,0.511,0.286,0.28,0.128,1.027
2023-04-22 12:00:00,61,0.5,18,3.180469851,14.09844971,178896,100342.8125,85.03035736,461.8316345,5.521056175,18,7,5.953952495,0.04,3.309,1.312,0.891,0.956,1.033,0.548,0.504,0.322,0.148,1.263
2023-04-22 13:00:00,61,0.5,19,3.120456919,13.65460205,148632,100266.6563,84.02148438,465.3783569,5.498169422,14,8,5.875983334,0.027,3.027,1.232,0.666,0.745,0.578,0.549,0.34,0.301,0.112,1.126
2023-04-22 14:00:00,59,0.5,17,3.060443987,13.1937561,75408,100193.1094,83.33876038,476.742981,4.88977623,23,7,5.798014172,0.026,3.02,1.274,0.542,0.706,0.868,0.559,0.488,0.312,0.119,1.169
2023-04-22 15:00:00,60,0.5,17,2.783515583,12.88998413,72464,100167.0781,84.32244873,493.8270569,4.645289898,22,7,5.697233973,0,2.937,1.185,0.426,0.576,0.922,0.546,0.28,0.322,0.117,1.083
2023-04-22 16:00:00,62,0.6,17,2.50658718,12.2159729,50256,100135.9219,85.23764801,513.3919678,4.585589409,18,8,5.596453775,0.021,2.834,0.882,0.351,0.506,1.059,0.557,0.355,0.423,0.111,1.081
2023-04-22 17:00:00,66,0.5,18,2.229658776,12.25546265,21840,100190.2344,85.70932007,530.4681396,4.384738445,12,7,5.495673577,0,3.078,0.689,0.371,0.556,0.653,0.571,0.285,0.629,0.145,1.094
2023-04-22 18:00:00,67,0.5,15,1.496176319,11.443573,6552,100336.8125,88.00601196,583.288147,5.248894691,13,7,5.383408582,0,3.021,0.578,0.397,0.518,0.742,0.59,0.238,0.447,0.109,1.074
2023-04-22 19:00:00,71,0.5,6,0.762693863,11.73706055,1576,100352.8594,85.94720459,596.9873047,4.929344654,14,8,5.271143588,0,3.389,0.539,0.522,0.673,0.865,0.602,0.132,0.269,0.11,1.114
2023-04-22 20:00:00,74,0.5,14,0.029211407,12.03121948,0,100410.5391,85.97677612,573.0500488,4.466416836,18,7,5.158878594,0.028,3.481,0.323,0.508,0.643,1.016,0.6,0.226,0.22,0.098,1.157
2023-04-22 21:00:00,74,0.5,15,0.022673678,12.15274048,0,100457.1641,84.99720001,532.8678589,4.915417194,20,6,5.295281274,0.025,3.128,0.721,0.534,0.644,0.793,0.601,0.228,0.251,0.098,1.133
2023-04-22 22:00:00,77,0.5,13,0.016135949,12.15682983,0,100473.0469,83.61244202,515.3721924,4.744348049,22,7,5.431683955,0,3.238,0.66,0.515,0.576,0.73,0.627,0.139,0.233,0.118,1.202
2023-04-22 23:00:00,78,0.5,14,0.009598221,11.6390686,0,100507.9063,85.6137619,507.7153931,3.946405649,20,8,5.568086635,0.02,3.068,0.485,0.518,0.578,0.515,0.659,0.331,0.216,0.129,1.227
2023-04-23 00:00:00,83,0.5,12,0.009746243,11.7807312,0,100499.6094,86.05273438,500.7492065,3.464818478,20,7,5.496143634,0,3.031,0.685,0.405,0.648,0.752,0.671,0.196,0.249,0.153,1.324
2023-04-23 01:00:00,83,0.5,12,0.009894264,11.92745972,0,100488.6328,85.81991577,499.5019836,3.6329422,17,7,5.424200632,0.025,2.894,0.796,0.479,0.645,0.743,0.684,0.155,0.267,0.16,1.368
2023-04-23 02:00:00,84,0.5,11,0.010042286,12.09204102,0,100416.9297,85.69579315,509.9702759,3.650566816,16,8,5.352257631,0.025,3.102,1.061,0.484,0.62,0.814,0.696,0.166,0.299,0.182,1.315
2023-04-23 03:00:00,81,0.5,11,0.028332544,12.3397522,0,100442.3828,85.81549835,533.7311401,3.740188599,14,8,5.294398458,0,2.875,0.507,0.484,0.575,0.797,0.7,0.162,0.27,0.151,1.304
2023-04-23 04:00:00,77,0.5,9,0.046622802,12.18731689,0,100453.4531,86.18016052,567.369873,3.558667421,21,8,5.236539285,0,2.692,0.377,0.375,0.569,0.642,0.714,0.188,0.269,0.174,1.311
2023-04-23 05:00:00,76,0.5,9,0.06491306,12.07992554,0,100518.0313,85.88215637,611.701416,3.333673954,29,8,5.178680112,0,2.866,0.505,0.427,0.625,0.674,0.696,0.153,0.279,0.167,1.309
2023-04-23 06:00:00,69,0.5,11,0.609826946,12.54907227,112,100640.5938,85.73300934,666.124939,3.657203913,32,10,5.238176376,0,2.879,0.456,0.451,0.57,0.671,0.631,0.167,0.33,0.158,1.258
2023-04-23 07:00:00,66,0.5,12,1.154740832,12.36709595,3576,100659.5781,85.18074799,662.8186035,4.033008099,29,9,5.297672639,0.023,2.415,0.522,0.621,0.623,0.691,0.626,0.234,0.322,0.171,1.257
2023-04-23 08:00:00,59,0.5,17,1.699654717,12.12948608,8432,100722.6641,85.92654419,620.3348389,4.384869099,24,8,5.357168902,0.026,3.058,0.37,0.593,0.629,1.095,0.648,0.195,0.359,0.178,1.259
2023-04-23 09:00:00,58,0.5,14,2.024237953,11.75991821,27024,100748.6797,88.55658722,588.1842041,4.416695118,22,7,5.438747849,0.031,3.162,0.489,0.592,0.589,0.793,0.623,0.157,0.328,0.164,1.181
2023-04-23 10:00:00,57,0.5,16,2.348821189,12.0977478,28296,100778.0156,90.37010956,567.1251831,4.452864647,20,7,5.520326795,0.031,2.951,0.233,0.603,0.635,0.795,0.617,0.094,0.311,0.128,1.172
2023-04-23 11:00:00,59,0.5,14,2.673404424,12.14767456,41304,100735.6484,92.08228302,546.8088989,4.437108994,15,8,5.601905741,0.023,3.114,0.437,0.526,0.531,1.088,0.579,0.348,0.267,0.163,1.153
2023-04-23 12:00:00,60,0.5,15,2.850925057,11.90475464,38464,100731.0156,92.60964966,526.8245239,3.939628839,10,8,5.665231887,0.029,2.809,0.565,0.56,0.733,1.145,0.618,0.29,0.276,0.106,1.16
2023-04-23 13:00:00,64,0.5,13,3.02844569,12.08306885,32136,100731.3047,92.00608826,447.5480042,3.393357992,6,8,5.728558032,0.02,3.108,0.416,0.429,0.461,0.536,0.584,0.229,0.241,0.103,1.105
2023-04-23 14:00:00,64,0.5,12,3.205966323,12.24829102,28224,100711.7344,90.64038849,441.3196411,3.293642521,5,6,5.791884178,0.019,3.654,0.452,0.443,0.533,0.869,0.584,0.198,0.278,0.101,1.073
2023-04-23 15:00:00,55,0.5,18,3.073821896,12.45346069,24224,100668.5078,88.98554993,449.4825134,3.012928963,6,7,5.601250299,0,3.03,0.452,0.504,0.511,1.001,0.578,0.176,0.281,0.13,1.135
2023-04-23 16:00:00,36,0.5,21,2.94167747,12.48306274,19256,100602.7656,88.13633728,465.1593933,3.027164221,6,6,5.410616419,0.012,3.187,0.586,0.538,0.525,1.303,0.552,0.141,0.262,0.098,1.138
2023-04-23 17:00:00,33,0.5,19,2.809533044,13.00683594,16864,100584.2031,87.44548035,459.2848816,3.045498848,10,8,5.21998254,0.024,3.453,0.492,0.462,0.497,1.007,0.521,0.255,0.286,0.109,1.091
2023-04-23 18:00:00,40,0.5,16,1.912325151,12.57983398,5568,100619.3906,86.68202209,517.2512207,2.907170534,9,8,4.836868811,0,3.294,0.352,0.379,0.47,1.115,0.524,0.227,0.33,0.086,1.093
2023-04-23 19:00:00,45,0.5,15,1.015117258,12.75805664,1688,100693.9375,87.41705322,480.584137,2.495780945,11,8,4.453755082,0,3.309,0.682,0.435,0.58,0.803,0.56,0.176,0.263,0.09,1.1
2023-04-23 20:00:00,42,0.5,16,0.117909366,12.96524048,0,100760.6875,88.08615112,432.6223145,2.254514217,15,7,4.070641353,0.02,3.649,0.34,0.448,0.611,1.353,0.556,0.166,0.231,0.093,1.069
2023-04-23 21:00:00,36,0.5,19,0.083018762,13.07925415,0,100847.9219,88.97841644,394.1429443,2.213498592,17,7,4.053383388,0,3.282,0.251,0.439,0.55,0.805,0.505,0.108,0.227,0.085,1.036
2023-04-23 22:00:00,38,0.5,19,0.048128158,12.98345947,0,100868.3984,91.15589142,401.6981506,2.353925228,19,9,4.036125423,0,3.187,0.355,0.439,0.399,1.163,0.527,0.119,0.229,0.097,1.03
2023-04-23 23:00:00,32,0.6,18,0.013237554,12.59555054,0,100881.3203,92.18917084,389.195343,2.313510895,12,6,4.018867457,0,3.4,0.312,0.467,0.519,0.868,0.565,0.194,0.332,0.118,1.099
2023-04-24 00:00:00,33,0.6,18,0.013611616,12.6065979,0,100883.4297,92.58348846,391.3648682,2.455530405,8,7,4.053975924,0.024,3.52,0.456,0.501,0.487,1.341,0.6,0.18,0.517,0.131,1.205
2023-04-24 01:00:00,37,0.6,16,0.013985678,12.52294922,0,100899.8281,92.21907806,399.3409424,2.859114408,10,9,4.08908439,0,3.631,0.313,0.549,0.517,1.013,0.536,0.089,0.282,0.12,1.098
2023-04-24 02:00:00,38,0.6,14,0.014359739,12.5319519,0,100876.25,92.56741333,426.8659668,2.853113174,13,7,4.124192856,0,3.549,0.211,0.466,0.407,1.212,0.517,0.131,0.257,0.116,1.05
2023-04-24 03:00:00,37,0.6,13,0.01451061,12.47320557,0,100883.3906,92.2419281,465.8942871,2.820679903,18,7,4.209765545,0,3.092,0.244,0.331,0.382,1.045,0.592,0.09,0.53,0.079,1.052
2023-04-24 04:00:00,35,0.6,12,0.014661481,12.44058228,0,100920.4219,92.28288269,586.5847778,3.185085297,11,8,4.295338234,0,3.32,0.226,0.436,0.372,1.203,0.545,0.139,0.228,0.08,0.919
2023-04-24 05:00:00,30,0.6,14,0.014812352,12.42648315,0,100963.4375,90.08355713,606.2103271,3.294377089,6,8,4.380910923,0,3.267,0.23,0.455,0.445,1.218,0.466,0.13,0.243,0.082,0.924
2023-04-24 06:00:00,27,0.7,16,0.620651866,12.72094727,208,101048.7969,87.09695435,631.1120605,3.656485558,8,8,4.405466825,0.018,3.277,0.228,0.454,0.405,1.187,0.48,0.149,0.265,0.096,0.977
2023-04-24 07:00:00,38,0.6,13,1.226491381,12.54263306,4040,101090.0859,86.59911346,603.6989746,3.55121541,9,7,4.430022727,0.017,3.235,0.264,0.496,0.428,0.913,0.498,0.258,0.293,0.125,1.002
2023-04-24 08:00:00,,,,1.832330895,12.23666382,10408,101126.5781,86.87039948,576.9729614,3.827546358,,,4.45457863,0,3.109,0.27,0.455,0.427,1.013,0.481,0.172,0.294,0.125,0.981
2023-04-24 09:00:00,,,,2.21364788,11.84106445,12752,101174.0469,89.01155853,585.6923828,4.079925537,,,4.577379817,,,,,,,,,,,
2023-04-24 10:00:00,,,,2.594964864,12.23989868,18472,101199.625,90.18215942,557.0182495,3.982609987,,,4.700181004,,,,,,,,,,,
2023-04-24 11:00:00,,,,2.976281849,12.00878906,46040,101234.5938,90.43160248,556.1172485,3.933861256,,,4.822982191,0,2.636,0.353,0.396,0.416,0.55,0.485,0.191,0.26,0.105,0.944
2023-04-24 12:00:00,,,,3.070766297,11.8263855,57064,101189.0078,90.28562164,533.4619751,4.038555622,,,4.783990638,0,2.408,0.172,0.392,0.399,0.881,0.466,0.111,0.206,0.077,0.856
2023-04-24 13:00:00,,,,3.165250746,12.57275391,35352,101090.9531,90.09233856,528.753479,4.176665306,,,4.744999084,0,2.869,0.314,0.41,0.425,0.657,0.452,0.182,0.251,0.067,0.88
2023-04-24 14:00:00,,,,3.259735195,12.73516846,50928,101005.7656,90.09817505,529.6387329,4.206165314,,,4.70600753,0,3.009,0.264,0.38,0.455,0.583,0.482,0.065,0.233,0.066,0.915
2023-04-24 15:00:00,,,,2.70541284,12.71051025,28528,100961.3828,89.85884857,545.6885376,3.991359711,,,4.483516022,0,2.73,0.136,0.322,0.315,0.672,0.483,0.054,0.199,0.059,0.9
2023-04-24 16:00:00,,,,2.151090484,12.64590454,20816,100910.8125,89.46871948,548.9296875,3.965710878,,,4.261024515,0,2.698,0.35,0.339,0.34,0.533,0.52,0.123,0.254,0.123,0.975
2023-04-24 17:00:00,,,,1.596768129,12.47808838,15488,100941.1172,89.58983612,574.3449707,3.75838232,,,4.038533007,0,2.636,0.158,0.344,0.374,0.559,0.533,0.043,0.407,0.224,0.988
2023-04-24 18:00:00,,,,1.07729805,11.956604,7312,100989.1563,89.99625397,554.1668091,3.660967588,,,4.056620734,0,2.692,0.291,0.298,0.366,0.693,0.53,0.315,0.251,0.065,0.987
2023-04-24 19:00:00,,,,0.557827972,12.13174438,1208,100992.3359,89.63047791,565.0620117,3.290095329,,,4.074708462,0,2.785,0.36,0.426,0.518,0.816,0.526,0.292,0.342,0.082,0.993
2023-04-24 20:00:00,80,0.4,11,0.038357893,12.28839111,0,101073.1719,88.93307495,573.5524902,3.350952148,19,8,4.092796189,0,2.359,0.273,0.323,0.408,0.452,0.553,0.114,0.303,0.07,1.028
2023-04-24 21:00:00,81,0.4,12,0.034837447,12.41363525,0,101092.3438,88.42592621,581.7042236,3.290677547,20,7,4.170696078,0,2.644,0.315,0.347,0.42,0.61,0.556,0.142,0.229,0.071,1.023
2023-04-24 22:00:00,81,0.4,10,0.031317001,12.35726929,0,101033.9844,87.99679565,572.4119263,3.181715012,20,6,4.248595966,0,3.009,0.436,0.362,0.464,0.711,0.556,0.282,0.209,0.076,1.067
2023-04-24 23:00:00,77,0.4,12,0.027796554,12.08551025,0,101018.0938,87.76135254,524.9918823,2.865958452,17,8,4.326495855,0,2.815,0,0.383,0.517,0.569,0.583,0.033,0.252,0.085,1.114
2023-04-25 00:00:00,77,0.4,11,0.025462779,12.15438843,0,100960.0781,87.24917603,490.8311768,2.656226397,16,8,4.407121348,0,2.469,0.152,0.331,0.42,0.466,0.559,0.074,0.268,0.088,1.074
2023-04-25 01:00:00,76,0.4,10,0.023129004,12.13809204,0,100901.9141,86.67006683,467.5579834,2.594543695,14,8,4.48774684,0,2.833,0.276,0.274,0.341,0.402,0.524,0.13,0.264,0.068,1.046
2023-04-25 02:00:00,75,0.5,10,0.020795229,12.19845581,0,100817.3594,86.20874786,452.6641541,2.384253025,18,9,4.568372333,0,2.692,0.312,0.375,0.433,0.539,0.582,0.207,0.21,0.101,1.117
2023-04-25 03:00:00,72,0.5,12,0.025253321,12.28546143,0,100835.0156,84.9289856,460.2277222,2.364905596,18,11,4.679928831,0,2.71,0.344,0.334,0.389,0.59,0.542,0.243,0.206,0.078,1.042
2023-04-25 04:00:00,64,0.5,12,0.029711414,12.16119385,0,100827.0234,83.57351685,491.9767761,2.178700447,19,8,4.791485329,0,2.564,0.148,0.29,0.339,0.512,0.56,0.115,0.268,0.061,1.047
2023-04-25 05:00:00,58,0.4,11,0.034169506,12.25982666,0,100806.0938,83.51797485,477.4618225,1.876541376,25,9,4.903041827,0,2.844,0.21,0.336,0.345,0.74,0.643,0.086,0.676,0.075,1.261
2023-04-25 06:00:00,43,0.5,19,0.542481125,12.51025391,120,100843.2734,84.04974365,490.6115723,1.654114366,26,10,5.002063517,0,2.642,0.497,0.339,0.374,0.659,0.775,0.228,0.754,0.082,1.465
2023-04-25 07:00:00,35,0.5,21,1.050792743,12.64776611,6112,100863.6016,86.18494415,388.3121643,1.543076873,27,10,5.101085208,0.026,2.955,0.22,0.59,0.56,1.206,1.099,0.15,0.31,0.111,2.096
2023-04-25 08:00:00,44,0.6,25,1.559104362,12.6701355,11888,100910.5469,87.85112762,375.384613,2.016885042,22,10,5.200106898,0.027,2.91,0.249,0.448,0.449,1.167,0.785,0.095,0.38,0.102,1.564
2023-04-25 09:00:00,37,0.6,24,1.79442327,12.53912354,31600,100902.0156,88.87781525,403.2869568,2.051069975,25,10,5.202527367,0.018,2.853,0.233,0.361,0.407,0.749,0.61,0.053,0.281,0.101,1.215
2023-04-25 10:00:00,36,0.6,24,2.029742177,13.46264648,33720,100925.3438,88.35031128,487.6913452,2.553094387,20,9,5.204947835,0.02,2.735,0.343,0.446,0.475,0.955,0.776,0.16,0.378,0.332,1.498
2023-04-25 11:00:00,33,0.6,24,2.265061084,13.12304688,40736,100920.5156,86.26570892,586.1032715,2.621464252,12,9,5.207368304,0,2.648,0.555,0.455,0.412,1.331,0.531,0.293,0.294,0.12,1.069
2023-04-25 12:00:00,33,0.7,23,2.571375717,13.06771851,76144,100872.6484,82.15284729,637.2077026,2.76601243,11,9,5.238164704,0,3.228,0.699,0.496,0.598,1.381,0.536,0.651,0.254,0.159,1.132
2023-04-25 13:00:00,,,,2.877690349,14.23800659,137824,100783.9844,77.89813232,712.2246094,3.106968641,,,5.268961104,0.012,3.471,0.787,0.532,0.637,1.45,0.716,0.312,0.255,0.149,1.41
2023-04-25 14:00:00,40,0.7,,3.184004981,14.33895874,96800,100699.9609,76.23978424,759.4997559,3.10512352,28,,5.299757504,0,2.936,0.184,0.463,0.55,1.099,0.821,0.108,0.237,0.143,1.457
2023-04-25 15:00:00,51,0.6,20,2.829871467,14.6706543,106560,100685.1016,73.88072205,822.4379272,3.389292002,22,11,4.906739226,0.019,2.975,0.373,0.357,0.38,0.556,0.549,0.204,0.192,0.075,1.073
2023-04-25 16:00:00,68,0.5,8,2.475737953,15.10180664,90976,100637.5625,72.86448669,893.7039185,3.548962593,17,9,4.513720948,0,2.674,0.778,0.325,0.318,0.459,0.577,0.203,0.158,0.058,1.058
2023-04-25 17:00:00,71,0.5,8,2.121604439,14.93505859,67112,100656.5703,71.57950592,892.5209351,3.429183006,13,9,4.12070267,0,2.642,0.89,0.284,0.357,0.363,0.584,0.254,0.157,0.054,1.096
2023-04-25 18:00:00,71,0.5,11,1.420685711,13.2930603,33832,100746.6563,76.86563873,735.3800659,2.96690917,17,7,4.013518643,0.019,2.452,0.769,0.252,0.333,0.757,0.539,0.244,0.202,0.061,0.981
2023-04-25 19:00:00,65,0.5,13,0.719766983,13.1206665,6728,100730.1328,77.92500305,622.2612305,2.026760578,20,7,3.906334617,0,2.604,0.435,0.304,0.203,0.76,0.646,0.243,0.125,0.048,2.033
2023-04-25 20:00:00,68,0.4,11,0.018848255,13.87002563,0,100757.1563,78.5500412,390.6528015,1.799832582,20,7,3.799150591,0,2.413,0.407,0.3,0.344,0.625,0.579,0.248,0.125,0.047,1.635
2023-04-25 21:00:00,61,0.4,18,0.01969146,13.79345703,0,100818.7422,79.06793976,285.2165527,1.795107841,22,7,3.631161841,0,2.673,0.722,0.395,0.362,0.646,0.696,0.245,0.152,0.053,1.825
2023-04-25 22:00:00,48,0.4,31,0.020534665,13.17367554,0,100830.3281,79.9041214,176.8536377,1.922066092,22,8,3.463173092,0,2.79,0.351,0.267,0.263,0.528,0.587,0.078,0.126,0.039,1.154
2023-04-25 23:00:00,55,0.4,26,0.02137787,11.80215454,0,100809.6406,80.95149994,129.3026886,1.739640117,18,9,3.295184342,0,2.834,0.338,0.37,0.291,0.468,0.594,0.121,0.115,0.044,1.185
2023-04-26 00:00:00,32,0.5,35,0.049400115,11.76602173,0,100855.2969,81.67261505,117.665184,1.851716995,19,9,3.27676086,0.044,2.906,0.713,0.782,0.681,0.903,1.013,0.272,0.206,0.083,
2023-04-26 01:00:00,11,0.5,52,0.077422361,11.95751953,0,100827.1875,82.71561432,100.6446838,1.659002781,16,8,3.258337377,0,2.729,0.476,0.385,0.382,0.557,0.476,0.123,0.136,0.047,1.342
2023-04-26 02:00:00,26,0.4,26,0.105444606,12.98419189,0,100792.5313,84.05702209,79.57350159,1.300474524,20,6,3.239913895,0,2.35,0.426,0.248,0.227,0.4,0.469,0.142,0.117,0.035,1.192
2023-04-26 03:00:00,34,0.4,20,0.187067338,13.56942749,0,100783.0625,85.4599762,71.47166443,1.247434258,17,6,3.248948815,0,2.858,0.376,0.452,0.368,0.599,0.433,0.133,0.129,0.048,0.902
2023-04-26 04:00:00,7,0.4,45,0.26869007,13.18121338,0,100743.7344,86.86625671,67.7976532,1.102972627,16,7,3.257983735,0,2.494,0.279,0.295,0.274,0.32,0.424,0.17,0.119,0.036,0.836
2023-04-26 05:00:00,34,0.4,20,0.350312803,13.39312744,0,100797.4297,88.83626556,63.46525574,1.198205829,22,8,3.267018656,0,2.712,0.513,0.376,0.405,0.642,0.403,0.182,0.135,0.046,0.976
2023-04-26 06:00:00,8,0.5,37,0.916555261,14.34667969,1400,100836.2813,91.96048737,58.58198166,0.726914346,21,9,3.337847829,0,2.771,0.411,0.611,0.538,1.236,0.437,0.501,0.248,0.072,0.938
2023-04-26 07:00:00,6,0.5,40,1.482797719,12.87692261,34296,100866.6016,92.99222565,27.23796463,0.394520044,23,6,3.408677003,0,3.148,0.447,0.519,0.479,1.08,0.598,0.269,0.211,0.07,1.153
2023-04-26 08:00:00,19,0.5,36,2.049040177,12.20391846,90792,100943.1641,95.95393372,110.4490662,0.391015381,19,9,3.479506177,0,2.646,0.399,0.646,0.625,0.951,0.55,0.268,0.231,0.072,1.134
2023-04-26 09:00:00,34,0.5,36,1.853935487,12.36611938,168672,100961.7813,86.98312378,254.2472687,0.285350293,22,14,3.618758001,0.031,2.729,0.58,0.356,0.425,0.639,0.54,0.122,0.145,0.056,1.058
2023-04-26 10:00:00,78,0.4,19,1.658830797,17.20504761,241560,100962.2734,77.23788452,486.9457703,0.334063441,18,10,3.758009825,0,2.612,0.339,0.207,0.278,0.502,0.693,0.149,0.103,0.031,1.19
2023-04-26 11:00:00,109,0.4,5,1.463726107,17.68734741,329808,100961.8359,68.67424011,783.8956909,0.59463048,20,9,3.897261649,0,3.185,0.44,0.355,0.356,0.365,0.83,0.194,0.101,0.023,1.518
2023-04-26 12:00:00,116,0.5,9,1.39606387,17.93292236,381344,100890.7656,60.52092743,1089.215942,1.28175807,16,9,3.697050033,0.026,3.32,1.152,0.761,0.763,0.52,0.899,0.285,0.141,0.046,1.686
2023-04-26 13:00:00,124,0.5,17,1.328401633,20.96469116,385728,100825.875,56.63394928,1209.522583,1.373763561,15,10,3.496838417,0.108,4.788,2.251,1.855,1.464,0.593,1.217,0.483,0.288,0.119,2.605
2023-04-26 14:00:00,137,0.5,15,1.260739396,21.10580444,363168,100719.3281,54.59811401,1255.221313,1.310991049,13,12,3.296626801,0,3.192,0.98,0.333,0.412,0.662,0.889,0.29,0.15,0.036,1.59
2023-04-26 15:00:00,124,0.5,8,1.186767311,21.06454468,308432,100641.8438,52.78063583,1266.767822,1.66029191,13,10,3.220695817,0.027,3.491,1.336,0.701,0.602,0.583,0.872,0.244,0.18,0.037,1.653
2023-04-26 16:00:00,132,0.5,9,1.112795227,21.57232666,226888,100550.0234,52.19884109,1239.926758,1.532042265,16,10,3.144764833,0.034,3.555,1.304,0.621,0.556,0.412,0.9,0.266,0.193,0.065,1.707
2023-04-26 17:00:00,124,0.5,12,1.038823143,21.74624634,145840,100536.1875,53.13061523,1187.38562,1.401694417,9,9,3.068833848,0.03,3.553,1.235,0.325,0.426,0.436,0.858,0.15,0.155,0.123,1.54
2023-04-26 18:00:00,114,0.5,11,0.698288251,17.96377563,65368,100548.7813,52.28214264,154.6419067,0.465236306,14,8,3.069805113,0.041,3.594,1.055,0.526,0.645,1.272,0.809,0.369,0.195,0.118,1.462
2023-04-26 19:00:00,96,0.6,20,0.357753359,19.08081055,12240,100506.5469,54.79035568,55.22927475,1.055942297,15,8,3.070776377,0.06,4.125,1.648,0.991,1.239,1.613,0.888,0.468,0.213,0.126,1.643
2023-04-26 20:00:00,94,0.6,16,0.017218467,18.96401978,0,100529.7969,58.58939743,49.05249023,1.517326713,21,7,3.071747642,0.025,3.65,1.106,0.345,0.423,0.515,0.82,0.188,0.115,0.048,2.352
2023-04-26 21:00:00,75,0.5,22,0.042708987,18.76950073,0,100567.1484,63.39296341,76.79673004,1.634370208,18,7,3.16317202,0,3.298,1.295,0.512,0.459,0.71,0.923,0.297,0.148,0.067,1.908
2023-04-26 22:00:00,54,0.6,33,0.068199506,18.03585815,0,100574.0078,68.36225128,74.36417389,1.74588716,18,8,3.254596398,0,3.872,1.375,0.472,0.497,0.979,0.913,0.294,0.139,0.052,1.596
2023-04-26 23:00:00,50,0.5,35,0.093690026,16.17758179,0,100617.0313,71.93267822,63.38277054,1.818127871,19,9,3.346020776,0,3.213,1.496,0.542,0.784,0.856,0.799,0.375,0.126,0.064,1.559
2023-04-27 00:00:00,50,0.5,30,0.121919371,16.3119812,0,100575.9141,74.91458893,57.61952591,1.713202357,20,9,3.449253427,0.02,3.287,1.46,0.482,0.65,0.412,0.814,0.239,0.128,0.087,1.58
2023-04-27 01:00:00,47,0.5,34,0.150148715,15.50006104,0,100511.7656,77.85084534,66.90089417,1.894400358,20,8,3.552486078,0,3.804,1.478,0.651,0.738,0.861,0.9,0.27,0.215,0.075,1.624
2023-04-27 02:00:00,47,0.6,31,0.178378059,15.00640869,0,100508.0313,81.09580231,65.02887726,1.71789372,16,8,3.655718729,0.038,4.729,2.547,1.989,2.077,1.45,0.913,0.773,0.684,0.236,1.997
2023-04-27 03:00:00,42,0.6,30,0.212028435,14.42123413,0,100458.5391,85.90034485,66.40631104,1.62325573,18,8,3.734069196,0.027,4.269,2.015,1.054,1.182,0.873,0.916,0.347,0.378,0.122,1.681
2023-04-27 04:00:00,40,0.6,25,0.24567881,13.46432495,0,100460.3906,89.8089447,68.24102783,1.511734009,18,10,3.812419664,0,3.364,1.566,0.839,0.896,0.932,1.026,0.251,0.616,0.102,1.794
2023-04-27 05:00:00,33,0.6,24,0.279329186,13.4480896,0,100473.9141,91.96139526,72.70297241,1.576297045,26,10,3.890770131,0,3.43,1.424,0.63,0.608,1.037,0.933,0.237,0.495,0.077,1.706
2023-04-27 06:00:00,23,0.6,28,0.811041597,17.44927979,1688,100456.9688,94.28353119,77.98820496,1.721446991,26,9,4.159626466,0.029,4.123,1.618,0.925,0.962,1.236,1.115,0.455,0.695,0.115,2.083
2023-04-27 07:00:00,21,0.7,34,1.342754009,17.88949585,37712,100517.25,92.46898651,114.7172852,1.852021694,24,7,4.428482801,0.027,3.496,1.767,0.75,0.877,1.526,0.949,0.384,0.807,0.104,1.866
2023-04-27 08:00:00,30,0.6,37,1.87446642,17.6730957,101496,100516.875,83.51204681,430.6146545,2.279608727,25,9,4.697339136,0.03,3.452,1.538,0.721,0.671,1.046,1.018,0.377,0.316,0.04,1.906
2023-04-27 09:00:00,52,0.6,37,1.712386127,17.12652588,182904,100566.7344,74.38548279,699.6817017,2.705494881,24,11,4.881827408,0.048,4.22,1.831,0.985,0.936,1.145,0.974,0.578,0.24,0.091,1.924
2023-04-27 10:00:00,72,0.6,29,1.550305835,20.86984253,257856,100573.5313,68.75140381,882.4594116,3.247972488,29,12,5.06631568,0.05,3.737,1.484,0.768,0.817,0.755,0.926,0.373,0.241,0.067,1.855
2023-04-27 11:00:00,94,0.6,20,1.388225542,20.80062866,267968,100516.3594,65.16706085,933.2406006,4.034446239,22,11,5.250803952,0.05,3.35,1.707,0.851,0.977,0.941,0.998,0.428,0.312,0.1,2.002
2023-04-27 12:00:00,106,0.5,13,1.333054267,20.7796936,362152,100432.9375,63.22308731,963.4498901,4.131273746,17,10,5.164715276,0.027,3.258,0.919,0.33,0.346,0.24,0.868,0.133,0.227,0,1.479
2023-04-27 13:00:00,106,0.5,5,1.277882992,21.26177979,285752,100392.3438,61.83038712,1039.850342,3.840029478,8,10,5.0786266,0.018,2.758,0.875,0.267,0.405,0.368,0.766,0.146,0.154,0.045,1.354
2023-04-27 14:00:00,107,0.5,6,1.222711717,21.04058838,199712,100329.7188,60.51337051,1075.596313,3.474329948,7,8,4.992537924,0,2.844,1.132,0.241,0.308,0.286,0.765,0.205,0.158,0.042,1.388
2023-04-27 15:00:00,110,0.5,8,1.108493772,21.36483765,205648,100277.4844,63.20441437,1030.405396,3.121828556,7,10,4.736716922,0.046,3.116,1.025,0.284,0.406,0.428,0.847,0.178,0.181,0.057,1.564
2023-04-27 16:00:00,110,0.6,11,0.994275827,20.94116211,108136,100224.2813,65.09475708,845.5878906,2.112610817,13,9,4.48089592,0.057,2.975,1.418,0.445,0.747,1.088,0.99,0.42,0.28,0.078,1.82
2023-04-27 17:00:00,118,0.6,11,0.880057883,21.16885376,96776,100230.4531,69.5628891,625.2598267,1.724111199,15,9,4.225074917,0.052,2.935,1.22,0.352,0.568,0.459,1.012,0.197,0.266,0.078,1.718
2023-04-27 18:00:00,110,0.7,18,0.592320241,18.98898315,38368,100127.3281,72.32141876,384.3641663,1.85547173,20,10,4.081647148,0.041,3.506,1.556,0.697,0.894,0.919,1.065,0.329,0.311,0.104,1.876
2023-04-27 19:00:00,97,0.8,24,0.304582599,19.03521729,6384,100148.4219,74.47666931,176.8365479,1.809475422,22,7,3.938219379,0.05,4.388,2.924,1.539,1.883,1.96,1.173,0.723,0.476,0.155,2.17
2023-04-27 20:00:00,95,0.7,18,0.016844957,18.74240112,0,100208.6484,75.32634735,93.12024689,1.884570122,26,9,3.79479161,0.029,4.218,2.519,1.292,1.674,1.582,1.357,0.589,0.364,0.105,2.366
2023-04-27 21:00:00,54,0.7,51,0.041873896,18.7515564,0,100291.3125,76.81584167,51.0445137,1.615779996,32,11,4.117923406,0.025,3.883,2.129,1.197,1.359,1.339,1.057,0.398,0.328,0.111,1.915
2023-04-27 22:00:00,40,0.7,63,0.066902835,18.28149414,0,100289.7109,79.13816833,75.23709869,1.957251668,30,9,4.441055201,0.033,4.33,2.114,1.144,1.267,1.472,0.922,0.458,0.339,0.11,1.788
2023-04-27 23:00:00,28,0.7,64,0.091931774,17.38320923,0,100291.3594,81.67943573,76.89266205,2.011949301,28,11,4.764186997,0.026,4.161,2.002,1.038,1.093,1.246,0.881,0.416,0.316,0.116,1.938
2023-04-28 00:00:00,27,0.7,60,0.170832555,17.47775269,0,100285.7344,83.86325836,75.13497925,1.877061009,21,12,4.994752999,0.033,3.949,1.794,0.841,0.848,0.927,0.879,0.355,0.285,0.106,1.962
2023-04-28 01:00:00,30,0.7,53,0.249733335,17.14761353,0,100229.3125,86.32637024,72.23099518,1.275158167,21,11,5.225319001,0.057,4.13,1.964,1.165,1.059,0.973,0.944,0.518,0.383,0.157,2.005
2023-04-28 02:00:00,32,0.6,46,0.328634115,17.47720337,0,100237.5313,87.5103302,69.40981293,1.29160893,24,10,5.455885002,0.097,4.18,2.103,1.138,1.05,1.01,0.936,0.547,0.338,0.283,2.051
2023-04-28 03:00:00,10,0.7,59,0.365941285,17.83676147,0,100180.1875,89.43500519,65.79931641,1.600907207,24,9,5.837016336,0.104,4.345,4.18,1.691,1.563,1.209,0.819,0.689,0.399,0.304,2.079
2023-04-28 04:00:00,1,0.7,70,0.403248454,17.22491455,0,100181.875,90.82406616,73.66958618,1.375240684,29,11,6.21814767,0.041,4.822,5.567,2.082,2.036,0.935,0.843,0.989,0.484,0.301,2.099
2023-04-28 05:00:00,,0.7,69,0.440555624,16.99850464,0,100196.0781,91.4510498,70.90621948,1.780730247,23,10,6.599279004,0.049,4.714,4.881,2.304,2.165,1.568,0.938,0.825,0.586,0.333,2.3
2023-04-28 06:00:00,1,0.7,59,0.774947447,18.82348633,1256,100191.0469,93.9031601,77.27140045,1.365566015,26,9,6.785790447,0.035,4.04,2.639,1.759,1.546,1.029,1.233,0.525,0.862,0.212,2.633
2023-04-28 07:00:00,3,0.8,55,1.109339271,18.5256958,19360,100244.5625,94.03086853,101.0749054,1.549685478,20,9,6.97230189,0.056,4.529,2.901,1.893,1.549,1.459,1.02,0.654,0.836,0.229,2.329
2023-04-28 08:00:00,19,0.9,47,1.443731094,18.43878174,77488,100254.0625,93.28275299,185.9207306,1.627144337,26,11,7.158813332,0.059,4.521,3.921,2.682,2.814,1.934,1.5,0.959,0.826,0.248,2.979
2023-04-28 09:00:00,24,0.9,46,1.513257757,18.57061768,110120,100295.9688,88.8340683,327.390625,1.611071348,27,14,7.356452746,0.044,4.539,2.828,1.99,2.111,1.629,1.31,0.742,0.637,0.182,2.511
2023-04-28 10:00:00,35,0.7,43,1.582784421,20.95822144,184504,100348.5938,81.29746246,514.5488892,2.241616726,31,15,7.55409216,0.05,3.65,2.118,1.221,1.101,1.097,1.018,0.481,0.409,0.123,2.058
2023-04-28 11:00:00,41,0.7,40,1.652311084,21.33566284,227920,100315.4219,75.40026093,681.2385254,1.875819325,25,13,7.751731573,0.044,3.898,2.091,1.225,1.145,1.48,1.031,0.461,0.405,0.124,2.02
2023-04-28 12:00:00,45,0.7,41,1.69853494,21.37460327,292616,100270.0859,72.13800049,620.593811,1.154523134,24,12,7.704700693,0.03,3.832,1.797,1.142,1.172,1.131,1.09,0.45,0.398,0.128,2.078
2023-04-28 13:00:00,62,0.7,29,1.744758796,21.93405151,237640,100175.1484,70.41366577,569.3027344,0.492782623,23,12,7.657669812,0.032,3.363,2.277,1.111,1.24,0.715,1.135,0.396,0.412,0.135,2.221
2023-04-28 14:00:00,61,0.7,28,1.790982651,22.32827759,138240,100122.7656,69.77068329,595.9414063,0.404330373,24,12,7.610638932,0.04,3.52,1.821,0.955,1.1,1.086,1.139,0.439,0.495,0.168,2.031
2023-04-28 15:00:00,51,0.7,38,1.597709418,22.96166992,170000,100082.5781,69.80115509,617.6130981,0.879243016,21,11,7.420580611,0.038,2.899,1.672,0.532,0.562,0.761,0.993,0.258,0.339,0.129,1.744
2023-04-28 16:00:00,68,0.8,18,1.404436186,21.62084961,100680,100004.4375,68.87319946,665.0652466,1.164055943,22,9,7.230522291,0.051,3.407,1.703,0.662,0.748,0.778,1.004,0.224,0.348,0.12,1.74
2023-04-28 17:00:00,67,0.8,17,1.211162953,21.41744995,105040,100030.1641,69.68018341,555.697998,1.217384696,21,10,7.04046397,0.043,3.799,2.408,1.033,1.235,1.592,1.181,0.451,0.547,0.519,2.171
2023-04-28 18:00:00,44,0.9,34,0.818602829,20.78219604,37576,100149.7891,77.57252502,194.4973755,0.680396497,28,11,7.022886166,0.041,3.939,2.719,0.925,1.047,2.545,1.053,0.563,0.561,0.603,2.077
2023-04-28 19:00:00,22,1,55,0.426042706,20.37139893,6408,100168.8281,80.57266998,106.0064163,1.018043756,32,13,7.005308362,0.052,3.608,2.086,0.873,0.874,1.141,1.048,0.426,0.514,0.422,2.027
2023-04-28 20:00:00,26,1,54,0.033482582,20.23876953,0,100225.5781,82.85748291,133.7819824,1.538430214,41,13,6.987730558,0.023,3.667,1.647,0.712,0.726,1.65,1.082,0.374,0.411,0.246,1.911
2023-04-28 21:00:00,40,1,48,0.025238425,20.2428894,0,100306.5547,85.58338928,176.6833649,1.723590136,40,11,7.101499856,0,3.314,1.651,0.455,0.452,1.188,0.862,0.26,0.284,0.113,1.514
2023-04-28 22:00:00,47,1,27,0.016994268,19.81491089,0,100326.5547,86.87286377,202.1095734,1.717989922,39,11,7.215269155,0.019,3.043,1.553,0.507,0.579,0.996,0.999,0.267,0.285,0.123,1.991
2023-04-28 23:00:00,42,0.9,22,0.008750111,19.23086548,0,100339.6094,87.80219269,243.1235809,1.968510985,34,10,7.329038453,0,3.641,1.419,0.457,0.488,1.428,0.94,0.216,0.336,0.16,1.8
2023-04-29 00:00:00,44,1,22,0.00806415,19.09790039,0,100363.75,89.23299408,302.8905029,2.383358002,34,10,6.910526736,0.026,4.041,1.532,0.506,0.532,1.474,1.067,0.311,0.377,0.146,1.923
2023-04-29 01:00:00,50,0.9,25,0.007378189,19.02365112,0,100364.1797,89.32913208,500.5466309,3.014638901,33,9,6.492015018,0.017,4.069,1.525,0.366,0.374,0.945,0.848,0.212,0.311,0.051,1.474
2023-04-29 02:00:00,66,0.7,26,0.006692229,18.46728516,0,100387.2422,79.41684723,957.7750854,4.060343266,32,8,6.0735033,0,3.69,0.942,0.34,0.327,0.518,0.82,0.188,0.126,0.034,1.344
2023-04-29 03:00:00,75,0.6,14,0.006672998,18.05221558,0,100386.8125,70.68897247,1042.022217,3.388286352,29,9,5.596391475,0,3.507,0.864,0.242,0.279,0.584,0.671,0.246,0.124,0.034,1.158
2023-04-29 04:00:00,71,0.5,15,0.006653767,17.17941284,0,100453.5156,69.02886963,1003.427063,2.814791679,24,10,5.119279649,0,3.939,1.627,0.348,0.354,0.553,0.601,0.152,0.112,0.034,1.103
2023-04-29 05:00:00,69,0.4,16,0.006634536,16.89956665,0,100484.5391,66.9025116,953.5147095,3.036773443,28,9,4.642167823,0.019,4.334,1.762,0.43,0.316,0.54,0.6,0.2,0.106,0.029,1.048
2023-04-29 06:00:00,74,0.4,10,0.484056992,15.92147827,312,100642.4141,68.74222565,771.4142456,3.039478302,30,10,4.761275704,0.019,4.247,1.558,0.501,0.429,0.884,0.602,0.186,0.134,0.037,1.085
2023-04-29 07:00:00,65,0.4,14,0.961479448,16.10336304,5656,100697.5469,66.03852844,740.149292,2.453071356,38,9,4.880383585,0.022,5.175,1.268,0.62,0.463,0.836,0.615,0.227,0.202,0.05,1.169
2023-04-29 08:00:00,59,0.5,18,1.438901904,16.76733398,20664,100773.2188,62.1531601,635.2496338,1.714481473,39,8,4.999491466,0.03,4.629,1.52,0.744,0.623,0.915,0.623,0.188,0.174,0.047,1.149
2023-04-29 09:00:00,62,0.5,21,1.753476605,16.99908447,59320,100750.4844,63.22011566,647.3382568,1.479406834,42,9,5.232336055,0.021,4.499,0.978,0.92,0.714,1.177,0.631,0.366,0.193,0.05,1.215
2023-04-29 10:00:00,61,0.5,24,2.068051306,18.09591675,83976,100813.4844,52.38165283,979.2221069,1.742347598,40,9,5.465180645,0.039,4.473,1.368,0.972,0.736,0.993,0.634,0.219,0.182,0.058,1.281
2023-04-29 11:00:00,57,0.5,31,2.382626008,17.97906494,119368,100808.5469,49.37870026,1040.789429,1.576639652,41,8,5.698025234,0.024,4.37,1.417,0.895,0.772,1.001,0.622,0.235,0.203,0.059,1.21
2023-04-29 12:00:00,55,0.5,31,2.086333173,18.30963135,157992,100723.3125,45.64773178,1170.396118,2.000927925,41,8,5.233574181,0.035,4.25,1.064,0.648,0.577,1.079,0.686,0.294,0.224,0.057,1.279
2023-04-29 13:00:00,67,0.5,20,1.790040339,19.90390015,294656,100659.3438,44.24482346,1313.710938,1.673740983,46,11,4.769123128,0.026,3.116,1.278,0.46,0.388,0.509,0.606,0.395,0.116,0.027,1.127
2023-04-29 14:00:00,93,0.4,9,1.493747504,20.27325439,333968,100574.5938,42.1012764,1449.046021,1.447501421,55,10,4.304672075,0,3.394,1.488,0.387,0.285,0.388,0.608,0.258,0.128,0.023,1.093
2023-04-29 15:00:00,92,0.4,10,1.346465751,20.38793945,295328,100548.2813,39.54496384,1602.63147,1.56629622,63,11,3.985063283,0,2.635,0.672,0.193,0.226,0.475,0.578,0.212,0.1,0.024,1.039
2023-04-29 16:00:00,92,0.3,11,1.199183998,21.02505493,222976,100480.7266,37.45069885,1624.029297,1.38927567,65,9,3.66545449,0,2.675,0.663,0.148,0.209,0.639,0.58,0.198,0.174,0.025,1.08
2023-04-29 17:00:00,89,0.3,12,1.051902245,21.00097656,131336,100458.6094,36.39860916,1511.296875,1.192024112,53,9,3.345845698,0,2.72,0.697,0.124,0.233,0.58,0.55,0.161,0.167,0.026,1.008
2023-04-29 18:00:00,90,0.4,14,0.706942577,17.91903687,65584,100541.5547,40.78647614,459.1955261,0.667193532,47,10,3.334065999,0,2.96,0.587,0.22,0.296,0.631,0.561,0.223,0.269,0.082,1.033
2023-04-29 19:00:00,81,0.4,20,0.361982908,17.95101929,13712,100572.8516,45.17857361,169.3908691,1.521870017,41,11,3.322286299,0,2.878,0.914,0.416,0.616,1.111,0.596,0.265,0.859,0.498,1.104
2023-04-29 20:00:00,59,0.5,35,0.01702324,18.12960815,0,100607.0234,50.02688217,139.0131683,1.548647046,41,10,3.3105066,0.05,3.346,1.074,0.518,0.362,0.716,0.587,0.232,0.268,0.129,1.152
2023-04-29 21:00:00,,,,0.030658133,18.53961182,0,100666.8359,54.19586563,116.3549194,1.374540806,,,3.200703911,0,2.853,0.696,0.293,0.392,1.029,0.657,0.159,0.195,0.078,1.147
2023-04-29 22:00:00,29,0.5,46,0.044293027,17.67764282,0,100643.3906,58.67083359,80.13065338,1.078969598,43,10,3.090901221,0.035,3.063,0.856,0.536,0.481,1.211,0.83,0.197,0.199,0.102,4.301
2023-04-29 23:00:00,13,0.5,62,0.05792792,15.60864258,0,100603.1953,63.81737518,53.67114258,0.812342107,47,9,2.981098532,0,3.168,1.065,0.465,0.463,0.782,0.62,0.232,0.161,0.075,2.162
2023-04-30 00:00:00,25,0.5,51,0.121024309,15.37069702,0,100580.25,69.4120636,67.69745636,1.313998818,42,9,2.87093917,0,2.892,0.789,0.281,0.347,0.78,0.631,0.177,0.148,0.059,1.176
2023-04-30 01:00:00,20,0.5,50,0.184120699,14.67959595,0,100562.875,72.82649231,63.41819763,1.173285246,43,10,2.760779807,0,3.059,1.352,0.572,0.48,1.07,0.713,0.211,0.187,0.065,4.083
2023-04-30 02:00:00,14,0.5,56,0.247217088,14.64483643,0,100491.4922,75.0406723,54.86186981,1.059702396,40,7,2.650620445,0.018,3.037,1.222,0.531,0.362,1.019,0.699,0.267,0.187,0.062,3.161
2023-04-30 03:00:00,15,0.5,44,0.444869405,14.9258728,0,100454.7344,77.60888672,56.9940834,1.094196677,43,9,2.558517281,0,3.023,1.006,0.453,0.36,0.525,0.483,0.196,0.197,0.073,0.994
2023-04-30 04:00:00,41,0.5,19,0.642521722,14.37026978,0,100441.6094,76.67835236,60.57453537,1.096068025,37,9,2.466414116,0,2.771,0.687,0.239,0.289,0.383,0.489,0.231,0.104,0.034,0.886
2023-04-30 05:00:00,52,0.4,10,0.840174039,14.47201538,0,100479.6094,78.42996216,63.6146698,1.199831009,39,8,2.374310952,0,2.704,0.991,0.381,0.37,0.421,0.678,0.209,0.178,0.057,3.295
2023-04-30 06:00:00,17,0.5,35,1.517129173,17.10269165,2400,100464.0938,84.01446533,63.30695343,0.929356694,35,8,2.462039068,0.023,3.428,1.666,0.636,0.512,1.124,0.66,0.236,0.221,0.085,2.819
2023-04-30 07:00:00,19,0.5,37,2.194084307,15.45785522,40848,100511.1719,79.89442444,85.81741333,0.897387147,38,9,2.549767184,0,2.777,0.914,0.427,0.465,0.985,0.538,0.267,0.197,0.072,1.389
2023-04-30 08:00:00,23,0.5,39,2.871039442,14.79956055,108424,100600.9688,74.94805908,170.5426483,0.890966594,31,10,2.637495299,0.018,2.997,0.849,0.472,0.48,0.932,0.603,0.239,0.177,0.072,2.055
2023-04-30 09:00:00,33,0.5,33,2.404530505,14.80307007,192344,100629.6563,58.94564438,372.506958,1.199068308,33,9,2.988967481,0.026,2.876,0.671,0.336,0.395,0.686,0.552,0.163,0.125,0.049,1.56
2023-04-30 10:00:00,72,0.4,24,1.938021569,20.34127808,277872,100637.9063,50.44414139,637.4344482,1.848601699,34,8,3.340439662,0.043,2.424,0.78,0.259,0.312,0.669,0.561,0.185,0.121,0.038,1.135
2023-04-30 11:00:00,88,0.4,19,1.471512633,20.25830078,344928,100604.5313,45.6325531,806.3907471,2.220189095,36,8,3.691911843,0,2.442,0.613,0.121,0.19,0.328,0.607,0.252,0.076,0.017,1.06
2023-04-30 12:00:00,107,0.3,6,1.33378929,20.22323608,383808,100542.3438,42.76374817,893.9082642,2.422959089,37,9,3.48360004,0,2.534,0.275,0.114,0.156,0.345,0.568,0.202,0.087,0.016,1.06
2023-04-30 13:00:00,116,0.3,2,1.196065947,22.9503479,336584,100474.9453,40.88069916,930.1453247,2.435692072,38,9,3.275288236,0,2.518,0.652,0.082,0.132,0.371,0.54,0.186,0.056,0,1.008
2023-04-30 14:00:00,122,0.3,1,1.058342605,22.99697876,334592,100400.3438,39.66609955,990.4927979,2.05386281,36,8,3.066976433,0,2.376,0.472,0.128,0.182,0.567,0.597,0.205,0.064,0.006,1.012
2023-04-30 15:00:00,129,0.3,2,1.018483564,23.12304688,293776,100366.2344,38.81758881,1026.718872,1.77970922,34,8,2.999940686,0,2.342,0.591,0.091,0.149,0.421,0.664,0.239,0.096,0,1.244
2023-04-30 16:00:00,132,0.3,4,0.978624522,23.98794556,227592,100311.0391,38.92694092,965.9453125,1.643676996,32,10,2.932904939,0,2.079,0.594,0.122,0.138,0.434,0.678,0.305,0.064,0.011,1.344
2023-04-30 17:00:00,132,0.3,4,0.938765481,24.25787354,95680,100314.3125,40.92285919,756.3520508,1.055177927,39,10,2.865869192,0,2.603,0.534,0.13,0.187,0.462,0.655,0.285,0.266,0.044,1.305
2023-04-30 18:00:00,131,0.3,3,0.647490476,19.30004883,67408,100318.5781,41.48031235,74.06015015,1.383896112,38,8,2.788859698,0,2.3,0.626,0.147,0.25,0.255,0.678,0.228,0.086,0.021,1.194
2023-04-30 19:00:00,110,0.4,14,0.356215471,20.49801636,13864,100358.6875,44.52272415,40.37957764,1.680575609,38,9,2.711850205,0.084,3.785,2.151,1.116,1.464,2.04,0.877,0.734,0.333,0.154,1.664
2023-04-30 20:00:00,61,0.7,53,0.064940465,20.22470093,0,100430.3594,48.74526215,36.44315338,1.778442621,47,9,2.634840712,0.107,4.55,2.433,2.001,2.132,2.901,0.936,1.158,0.534,0.234,1.914
2023-04-30 21:00:00,51,0.6,46,0.273125835,19.89535522,0,100488.2813,52.92514038,36.05593872,1.782858253,52,9,2.583448274,0.056,3.483,1.275,0.813,1.022,1.311,0.904,0.669,0.397,0.154,1.757
2023-04-30 22:00:00,61,0.4,37,0.481311204,18.64059448,0,100513.9766,56.40187836,38.14065933,1.834203243,51,9,2.532055836,0,3.005,1.15,0.423,0.475,0.672,0.867,0.383,0.181,0.075,1.506
2023-04-30 23:00:00,51,0.4,38,0.689496574,16.31088257,0,100499.4844,59.42783737,36.21410751,1.703003764,34,10,2.480663397,0.041,3.565,2.142,1.017,1.118,1.647,0.88,0.709,0.382,0.134,1.687
